-0.18063436,0.01480503,0.13321133,0.01117753,-0.10712608,0.03602631,0.13241275,-0.14306538,0.09535457,-0.08142772,0.02096643,-0.01268764,-0.1046387,0.10961966,-0.12523398,0.08749808,0.21556954,0.14656347,0.17120428,0.12244409,0.03735291,0.23840503,0.161668,-0.15071577,-0.09896985,-0.13912362,-0.13103692,-0.04777991,0.20417196,-0.02037099,0.20636851,0.10404687,0.25249043,-0.22711533,-0.18127459,-0.14866279,-0.40483037,-0.03307844,0.21373817,0.05543438,-0.06122578,0.07896306,-0.08942153,0.1494915,0.05831376,0.0024266,-0.11544489,-0.07826934,0.12071373,-0.10309602
0.05708849,0.14033553,-0.04506699,0.19026992,0.09035222,-0.26797864,-0.27059066,-0.25187695,0.04964519,-0.00220007,-0.1160557,0.13813862,-0.01091417,-0.00691893,-0.14514606,0.0849264,0.04347211,0.09661001,0.02732433,0.09127508,-0.05576646,-0.00131033,-0.26858535,-0.03511213,-0.00445215,0.26190951,-0.30570403,-0.16225767,0.16686255,-0.07107714,0.0161984,-0.11022782,-0.09743752,-0.00262811,-0.02160486,-0.09927966,0.04216903,-0.00874312,0.27181637,0.05021095,-0.11201055,-0.15869625,0.29236656,0.24059203,0.06575536,-0.08749181,0.02454491,-0.10965015,-0.13707542,0.07514183
-0.02826651,0.138942,-0.00768665,-0.02147031,-0.13503978,-0.18501432,-0.0325972,0.00851765,0.0753358,-0.09818354,0.28262955,-0.1258626,0.12570892,0.03880457,-0.22330521,-0.03642606,-0.00245681,0.17330126,0.21659669,-0.02967915,0.01958031,0.07459606,-0.0756496,0.24135421,-0.21098977,0.01930026,-0.01311926,0.04404867,0.05840204,-0.05367394,-0.05057027,0.04954273,0.01768981,-0.1808797,-0.13093768,0.22077996,-0.11274213,0.00424279,0.45417809,-0.17827417,-0.2120818,-0.13320123,-0.06934491,0.24745673,-0.03291691,-0.0788606,-0.18167305,0.04784815,0.00499472,-0.13813765
-0.00230277,-0.04442959,-0.04593385,0.16886143,-0.14826417,-0.01611966,0.00580427,0.10632771,0.0602324,-0.11162565,0.10485128,0.09153442,0.15657718,0.05689814,0.07109695,0.14169726,0.05429961,0.07537946,0.17542692,0.06329667,-0.25498691,0.24978422,-0.09911662,0.23173061,0.15943469,0.05279605,-0.15357171,-0.13972114,0.0041981,-0.14329165,0.19739348,-0.17886207,-0.03767568,-0.03326526,0.06530649,0.17906956,-0.21858157,0.08080392,-0.21250312,-0.11065479,-0.20391662,0.35063964,0.15533967,0.1209481,-0.0457726,0.11841341,-0.05582704,0.11617344,0.24823862,0.00981151
0.2096121,0.09825936,-0.27011427,-0.08502786,0.10359818,-0.04672178,0.2145748,-0.03109613,-0.12341745,-0.25896046,-0.16093415,0.13418098,0.14977396,0.08171341,-0.23937277,0.06693179,0.08336879,0.12206917,0.17412557,0.11856639,0.11892132,0.13330774,-0.22056392,0.05574001,-0.07745632,-0.25087973,-0.0797831,-0.18773891,0.07347889,0.17228857,0.07440833,-0.04185998,0.21861301,-0.14341073,0.10955013,-0.16007835,-0.18909878,0.20941405,0.04097178,-0.01713996,-0.10785865,-0.01496906,0.05633855,0.15983827,0.11345533,0.05798023,-0.07536677,-0.17174816,-0.07729602,0.02916163
0.07843544,0.01613666,-0.1139671,-0.06944962,-0.05175661,-0.06780382,-0.25808346,0.0491824,0.09310168,-0.17609523,-0.06699433,0.20248741,0.02959904,-0.2123484,-0.06087053,0.14873089,0.05859295,0.11193897,-0.02907562,0.17200789,0.10262276,0.24962039,-0.12456068,0.07704128,-0.04223222,0.13889627,-0.15558811,-0.30256587,0.1205728,-0.06879225,0.22984006,-0.01609254,0.24600105,-0.06601215,0.15364099,-0.01205726,0.09391367,-0.06153372,-0.098514,-0.31913725,-0.12136523,-0.01407653,-0.01818851,-0.20256738,0.22835714,0.03155724,-0.14036538,-0.10497656,-0.18969294,0.06094322
0.0927901,-0.03048204,-0.16477275,0.10151818,-0.02446553,0.19862249,-0.0533131,-0.10221738,0.02582739,-0.07114755,-0.03720624,-0.02269427,0.2428855,-0.08295369,-0.12115618,0.05786994,0.0361412,0.32935414,0.12337345,0.03792705,0.04555054,0.17098013,-0.17963815,0.13986726,-0.1274941,0.23902218,-0.14246453,0.03614943,0.17058799,-0.05074448,0.21660616,-0.03423264,0.16388959,-0.19002059,-0.27178153,0.28066131,-0.08624603,0.00301999,0.07956105,-0.2227004,-0.12496813,0.11283576,0.01959933,0.1056581,0.13883945,-0.06980853,-0.00475819,0.06913211,-0.0040142,0.2756027
-0.18984137,0.15361503,-0.25822997,0.23945233,-0.05498614,-0.06415123,-0.03769369,-0.22179821,0.02827021,0.10708977,0.00050455,0.10040247,-0.01378799,-0.10318184,-0.16778961,0.14594381,0.17270444,0.20128572,0.21805869,0.0575656,-0.04614585,0.00352663,0.04060404,-0.13108999,-0.12614703,0.09772581,-0.07147133,-0.19670495,-0.03574564,-0.02165123,-0.08610664,0.13405064,0.30247244,0.06261735,-0.0673593,-0.10974531,0.09669673,0.09876843,0.09141608,-0.23179214,-0.01132054,-0.07275016,-0.05272251,0.04328592,0.22609289,-0.01941266,0.02644125,0.03102909,0.2114508,0.36912096
-0.08303264,-0.0754147,-0.08157558,0.08870698,-0.0912815,-0.25172442,-0.1563888,-0.16581781,-0.0987506,-0.02769333,-0.07964903,0.19477837,0.10483582,-0.25717616,-0.22732233,0.21388723,0.18349935,0.14786506,0.09377,0.12684274,-0.22816882,0.01126623,0.06431676,0.00308656,-0.08858265,-0.07886063,-0.13541017,-0.23455083,0.11551925,-0.08869293,0.3352676,-0.04903436,0.17757991,-0.28199956,-0.00404587,0.04177853,0.05678062,0.10296007,0.13415742,-0.04803013,-0.02129809,-0.11360449,-0.00323209,0.07701428,0.07976472,-0.06075476,-0.16805381,-0.06942167,-0.09052548,0.20528193
0.0681935,0.03458105,0.16032207,-0.13447949,-0.12927555,-0.28175318,0.00424287,-0.14066759,0.07637718,-0.04904611,-0.14139408,0.03714217,-0.09458153,-0.02802335,-0.18239264,0.03561881,0.10462805,0.31157967,0.15152252,0.13628443,-0.13801049,0.05924894,-0.17023033,0.11726332,-0.05305055,-0.03125279,-0.15008923,-0.13645105,0.09949947,-0.12814604,0.19753978,-0.1019261,0.26453063,-0.25134608,0.14343537,-0.03410533,0.11305515,0.18238121,-0.01956757,0.01669739,-0.21173947,-0.04202082,0.02325143,0.1812952,0.14102893,-0.14454596,0.03500472,-0.20277306,-0.17664072,0.17070414
-0.06670296,0.09954922,0.00998954,0.06844443,-0.03050368,-0.07958724,-0.20974548,-0.25617114,0.07409874,0.04270888,-0.03254768,0.04489893,-0.01908653,-0.11684376,-0.07232341,-0.20547105,0.12141474,-0.14974669,0.15690558,0.06473907,-0.07009564,-0.03153341,0.01981542,-0.02667078,-0.15700932,0.07579269,-0.10131495,-0.17277269,0.44609061,-0.17979005,0.22180015,0.32118833,-0.11508466,-0.03696032,-0.16249934,0.00545959,-0.06271121,-0.19251627,0.1134892,-0.19100547,-0.23877461,-0.08734459,0.01038575,-0.07436118,0.16440912,0.00875193,-0.09844556,0.06861106,0.12462652,0.07886054
-0.11032984,0.12655039,0.25526181,-0.13973384,0.19656211,-0.18459627,-0.07882627,-0.33243656,0.03983713,-0.23983668,0.10425942,0.00319716,0.3300806,-0.19657463,0.0255067,0.22976372,0.19432876,0.15313032,0.17166656,0.08683284,-0.02186281,0.27471039,0.02796918,0.14956412,-0.02098121,0.1625369,0.11621644,-0.06457061,0.10493487,0.18187366,-0.03158485,-0.15608913,-0.06011316,-0.033903,0.07047247,0.02378805,-0.03484299,-0.0192946,-0.08646267,0.03221906,-0.02632017,0.04947035,-0.10629622,-0.06075361,0.16200583,0.11990675,-0.18051548,-0.026442,-0.0165348,0.05150588
0.03624322,-0.19252747,0.11372225,0.00216584,-0.04668254,-0.08502046,-0.16154188,0.15830006,0.12800291,-0.11520788,0.10665458,0.21723886,-0.08046515,0.05543593,-0.09054531,0.04632241,0.29601622,0.09637164,0.24459916,0.07945596,-0.23188293,-0.04773729,-0.02506374,0.06032554,-0.1846524,-0.2519021,0.11305345,0.0056594,0.15786295,0.16625641,0.13603877,-0.23133694,0.18550833,-0.01744801,-0.07418728,0.30507007,0.03448284,-0.01501695,0.15513465,-0.06825239,-0.10760003,-0.16321187,0.12975442,0.16309579,-0.03040938,0.08357015,0.131143,0.20890281,0.06295316,0.0623679
-0.1981528,0.01947399,-0.35284564,0.00902564,0.0509426,-0.25135705,-0.04081391,-0.0283898,0.05603931,0.08115538,-0.03389898,0.20532762,0.11315575,0.11766642,-0.18550439,0.14986056,0.08369655,0.01560422,0.08293867,0.34581429,-0.00956179,0.08690274,0.1021874,-0.13086359,-0.09821834,-0.09804986,0.01832357,-0.02314586,-0.12946187,-0.04410227,0.06092532,-0.09294902,-0.03969694,-0.3387695,-0.15801486,0.19923104,-0.14318728,-0.01195816,0.10422949,0.12624796,-0.05613065,0.13684693,0.12059718,0.12628455,0.16672847,0.12073438,-0.12144849,-0.0481912,-0.12925707,0.23212819
-0.08388809,-0.06198673,0.10891476,0.09203267,-0.19426093,-0.25769708,0.02862277,-0.29526711,0.08988343,-0.09490236,-0.15331198,0.22333938,-0.08756584,-0.23104616,-0.20049386,-0.08166658,-0.05791674,0.2060615,0.10809221,0.07307237,-0.23126391,-0.18518706,-0.03809323,0.01878674,-0.01174382,0.04334551,-0.15659438,-0.09969555,0.15160261,-0.25528264,0.09918258,0.11054109,0.15385881,-0.16691671,-0.00246858,-0.06542745,0.09912066,0.00363333,0.06064028,-0.24913548,-0.09250618,-0.05347591,-0.09977136,0.03944286,0.17832631,-0.05647055,0.08416645,-0.11829544,0.11790112,0.23419343
-0.14975584,0.02436234,-0.06729667,-0.05965729,-0.09728789,0.09848019,-0.18298827,-0.06150804,0.14646716,0.08570839,0.13318951,0.01830041,0.12396363,-0.14369249,-0.1924912,0.2387425,0.11916089,0.0611324,-0.00908965,0.00080338,-0.11553434,-0.13493089,0.01822973,0.11311317,0.16706635,0.19400786,-0.06667618,0.04257631,-0.03717709,-0.06822115,-0.01107825,-0.10315228,0.32599807,-0.12300276,-0.22513437,-0.08610053,-0.19185883,0.22253862,0.10735413,0.05886019,-0.32346717,-0.30446529,0.06128967,0.08004224,0.11732692,-0.05844395,-0.20097952,0.17925639,-0.05066834,0.06016423
0.23817505,-0.0916911,-0.02763329,0.08703751,0.04015071,-0.07062222,-0.07916597,-0.09265047,0.12167508,-0.20780487,0.02204791,0.17966749,0.05387143,0.05107404,0.03325866,0.03990797,-0.03502436,0.07003635,0.03627971,0.53690809,0.00352445,0.1650168,0.29163322,-0.03540864,0.10286154,-0.08653674,-0.09718969,-0.06781968,-0.00169538,-0.03720593,0.04986758,0.03507257,0.1767301,-0.21129139,-0.1934454,0.02917137,0.06103195,0.16615461,0.30897596,-0.08823957,-0.19199648,-0.05952363,0.04946157,0.04434194,0.06269979,0.01427754,-0.2189962,-0.0848574,-0.05125536,0.06444627
-0.08635318,0.09960476,-0.00611929,0.01673162,-0.08378471,-0.04039776,-0.11337595,0.15234016,-0.14144717,-0.2037878,0.0041,0.06971207,0.15286668,0.22372995,0.04384281,0.0651851,-0.06763045,-0.02248983,-0.15948652,0.0247051,-0.14811347,0.26490527,-0.06503136,0.02652267,-0.14677164,-0.00162741,0.03465935,-0.17273885,0.33844912,-0.30988216,0.12471133,-0.0878336,0.17250499,-0.16401999,-0.09110355,-0.05662414,0.16160583,-0.10016431,0.104663,0.14151601,-0.05541869,-0.08206688,0.11481588,0.10015544,0.23145021,-0.08741341,-0.16917123,0.01262499,-0.14403319,0.31294405
0.06679531,0.01116988,-0.06213956,0.1726191,0.00319522,-0.09900849,0.07270788,0.0265838,0.06129298,-0.20287789,0.1365227,0.04848863,0.1082793,0.18426545,-0.0022676,0.0663458,0.02165204,-0.12744983,0.05758785,0.16512276,0.1230569,0.17733788,0.13724022,0.29905629,-0.21017048,-0.05491737,-0.12079209,-0.03393165,-0.11554153,-0.13703258,0.10656205,-0.12766157,0.09970753,-0.20516911,0.02935349,0.10056253,0.14482315,-0.03914988,0.36433241,0.01387499,-0.1503613,-0.07955611,0.03407742,0.04368204,0.14752933,-0.05659783,-0.28280982,-0.26639086,-0.025452,0.27942112
0.1437663,0.16886686,0.10478397,-0.04720267,-0.04782188,-0.12763245,0.05986927,-0.18712412,0.1314099,-0.0420748,-0.05387552,0.32244661,0.01833468,0.01316138,-0.20069478,-0.03936422,0.31615466,-0.00420133,-0.2136163,0.28221774,-0.15927596,0.02719555,-0.00676791,0.07436437,-0.03416081,0.22531152,-0.11568647,0.02853247,-0.02405601,-0.02736567,0.20795007,-0.35809657,-0.03630868,-0.04909989,0.06429538,0.10239814,0.13412389,-0.11369988,0.09058156,-0.10480745,-0.09128749,0.10646589,0.06786331,-0.05947156,0.19054605,-0.13163556,-0.16812964,0.17164144,-0.04336634,-0.08247232
-0.04001221,0.24998462,-0.0062763,0.18081266,0.00194364,0.09768241,-0.06172059,-0.11529744,0.02288736,-0.02645691,-0.10464645,0.30516589,0.06284998,0.18266474,0.12655526,-0.14331082,0.15733975,0.25219321,-0.02908446,0.01608543,0.02910761,-0.02154917,-0.11240337,0.1939193,-0.22283064,0.05349847,-0.17875981,-0.13696317,0.11648497,0.12510903,0.13591164,-0.15323143,0.101124,-0.12213648,-0.11066944,-0.02622813,-0.06519058,-0.0593924,-0.02885333,-0.01100395,0.1058549,-0.14348036,-0.13809083,0.29846984,-0.20616943,0.19508332,-0.29404947,0.14615123,-0.00231785,-0.08239933
0.00580677,-0.14462739,0.03789455,0.02699086,-0.28023449,-0.06415719,0.02946091,-0.11756075,-0.03170527,-0.1168481,0.12808256,0.16359003,0.18669516,-0.22110608,-0.14718989,0.10863102,0.15408391,0.31049073,0.04666017,0.18323988,-0.20872445,-0.02663655,-0.00271474,-0.03454837,-0.10596754,0.01060447,-0.09778989,-0.2442508,0.14147978,0.0829113,0.13343123,0.10672539,0.13513151,-0.30161667,0.09390474,0.13535893,0.0575368,0.12056091,0.0039875,-0.15885076,0.20349152,-0.1725394,-0.19509669,0.08006488,0.22586748,-0.09833372,-0.00659944,-0.07822541,0.06679585,0.00774121
0.05399618,-0.20350391,0.04129701,0.05953445,-0.08721352,-0.41071522,-0.20198108,-0.07827672,-0.20581056,0.13575926,-0.08427165,0.09012408,0.02615535,-0.16203251,-0.14173275,0.07234002,0.02237974,0.08081956,0.18202302,0.01478222,-0.03970384,-0.02630371,0.07066401,-0.08488832,-0.26362705,0.06712275,0.00426428,-0.06519984,0.033997,-0.16860996,0.24039701,-0.0770058,-0.06720563,-0.20482752,-0.1664715,0.1471778,-0.21565306,-0.03835436,0.2480945,0.00974606,-0.14281972,0.00632881,0.07164643,0.13454628,0.0352851,0.08309774,-0.18173236,-0.15807371,-0.14101268,0.1931586
-0.32678518,-0.11131278,-0.0930342,0.11836366,0.15375623,-0.12587592,-0.04522528,0.07604737,0.13288537,0.1023192,0.03529801,0.06379953,0.175741,0.12298472,-0.12316741,0.06689522,-0.27438894,0.01380487,0.15742089,0.00585708,-0.14237888,-0.00551537,0.02489218,0.24029076,-0.23351032,-0.06404676,-0.05069093,-0.02575077,0.03888101,-0.02834932,0.10678139,-0.17675902,0.06874982,-0.20924412,0.01949307,0.08083143,-0.03858846,-0.0317129,0.32598796,-0.31045386,0.04058422,0.00503253,-0.07640925,0.0895912,0.09217363,-0.18084507,-0.28327209,-0.13339348,0.05301821,-0.0883615
-0.02405621,0.02023195,-0.04242444,-0.24888344,-0.10939108,-0.08168882,-0.12272815,-0.12530957,0.14374447,-0.08936656,-0.29485971,0.15222247,0.00439455,-0.04162092,-0.17556615,0.0638116,0.02235617,0.04821191,0.02851508,0.00438851,-0.25944564,0.15544656,-0.04640416,0.06511421,-0.38574389,0.17089149,0.1148116,0.00158871,0.13808663,0.15938488,0.22031195,0.03802022,0.11792733,0.01900925,-0.08238067,-0.01147049,-0.39691621,-0.12348698,0.16760236,-0.04017912,-0.11511035,0.08266729,0.1754511,0.02439827,0.03488142,0.14724179,0.12122758,-0.02965693,0.09816096,-0.00595427
0.02161078,0.03863399,0.13644832,0.45280263,-0.16843137,0.09422759,-0.13188146,-0.13575293,0.0844845,-0.30466154,0.16675086,0.02040165,0.13243301,0.01213493,0.03635729,0.22297636,0.04538964,0.05379732,0.13122851,0.02737903,0.14330231,0.10746363,-0.09852075,-0.15986176,-0.15229629,0.09508947,-0.18952656,-0.11714032,-0.04443631,-0.17748496,0.01499779,-0.09744947,0.02353024,0.19155584,0.04236867,0.12327587,-0.31412894,0.02991317,0.11487972,-0.07823806,-0.04792364,0.08497948,0.01879816,-0.05428544,0.04213497,-0.09137642,0.00401301,0.22078073,0.0851551,0.19232032
-0.10626362,0.10371681,-0.10446592,-0.01179604,-0.08820573,0.02084783,-0.2917971,-0.00129905,-0.22599256,-0.02478826,-0.13131091,0.09771982,0.02027652,-0.09549772,-0.10953166,0.06986504,0.2691687,-0.17173491,0.11744571,0.21236265,-0.02676913,-0.04221051,0.0325623,0.15411422,0.07690093,0.02756072,0.04145206,-0.07528349,0.10363017,0.0308123,0.20770401,0.04422219,0.21149181,-0.27381209,0.03044175,0.10727332,-0.2358229,0.03958325,0.16475533,-0.04170593,0.21580136,0.0830848,0.12279245,0.16192819,0.27495691,-0.02044814,-0.25490722,-0.00766554,0.01771384,0.23519626
-0.15244402,0.14108384,0.11968483,0.06848595,-0.02843475,0.08913227,-0.02916695,-0.28414425,0.08096901,-0.086923,-0.00825818,0.03214454,0.19313581,-0.31375179,-0.05331523,-0.17819412,-0.24250762,-0.09389009,0.06287277,0.23323826,-0.19906811,0.10923903,-0.05082659,0.02396682,-0.16123706,-0.23273215,-0.06552437,-0.07845081,0.00681537,0.05233276,0.09121905,0.08956626,0.17977004,0.05544438,-0.19949767,0.12297097,-0.01279949,0.18464479,-0.05563777,-0.01781634,-0.00509367,-0.00176581,0.26637983,0.13319708,-0.18425073,-0.07092687,-0.19764192,0.10457492,-0.05071451,0.25150165
-0.10235948,0.05561424,0.09534522,0.04251008,0.11147012,0.01399918,0.04449692,-0.06529225,0.04854292,-0.28034848,0.15903503,0.09057072,-0.11995259,-0.11011761,-0.34924603,0.18433324,0.04232432,0.08392291,-0.04812526,-0.21146186,-0.00207813,0.17569846,0.03423555,0.06798016,-0.10855383,-0.06813121,-0.12580436,0.07307579,0.03617842,-0.05992711,0.32607186,-0.06042489,0.23461556,-0.00304746,0.04438613,-0.05810506,0.12375718,0.04422555,0.1141753,0.1156955,-0.06527827,0.15141115,0.09510946,-0.0575363,-0.14523289,0.35445735,-0.05033435,0.16967903,-0.12375282,0.27882865
-0.11613674,0.1672136,0.24762404,0.10638548,-0.05049953,-0.14428286,-0.01788129,0.03172094,0.12014359,0.05066677,-0.03669281,-0.03906997,-0.15631188,0.01491151,0.06163339,0.03483315,0.14206408,0.0605342,-0.00857344,0.10348498,-0.17190756,0.34683335,-0.11247165,0.16187304,-0.22619762,-0.08821097,-0.15734859,-0.08469265,-0.0192842,0.03857362,-0.00719314,-0.11869748,0.23549092,-0.29252118,-0.38048822,-0.00963249,-0.05988615,-0.02269926,0.05269728,-0.0930235,0.11622835,0.02179174,-0.05131567,0.16937101,-0.04104499,0.14569874,-0.25561935,0.1281406,0.17049098,0.03175887
0.03105005,-0.03857914,-0.03554093,0.20073709,0.07360191,-0.17069994,0.13863085,0.0015428,-0.18294144,0.07576975,-0.03966274,0.13309312,-0.01896695,-0.11133846,-0.06383718,0.16407095,0.20457627,0.16939017,0.05934973,0.02527316,-0.13714072,0.09862088,0.0545802,0.20983933,-0.21142301,0.04344891,0.19161832,-0.10533953,0.24731523,-0.25066885,0.06229535,-0.11163706,0.0407984,0.00293541,-0.08997847,0.05022373,-0.19196613,0.22113055,0.33813778,-0.11565889,-0.03656261,-0.07002534,-0.04130519,-0.03877323,0.02135198,0.0501161,-0.27240843,-0.02505288,-0.21528296,0.23583312
-0.30703449,-0.1325184,0.02303769,0.02599973,-0.09136897,-0.2443464,-0.19291541,-0.05068878,-0.09025877,-0.12421493,0.07558927,-0.19348545,0.02017472,0.03567145,-0.24333216,0.16763914,0.26048613,0.22130907,0.01938755,0.07090277,-0.10979036,-0.05579777,0.057177,0.12586799,-0.11272254,-0.14544113,-0.00046082,0.02011437,0.18159229,0.02418593,0.34603164,0.038692,0.15939158,0.02300393,-0.22337942,0.11453097,0.14434664,0.05748533,-0.04979196,0.00268752,0.03507335,0.0353908,0.15866496,-0.09490281,0.02366603,-0.28691682,-0.07627942,0.07934115,0.14722,0.09444833
0.04546996,0.31204125,-0.0447302,0.02709941,0.16646501,-0.17613094,0.02433213,-0.00540719,0.11123994,-0.09161548,0.00461461,-0.15312678,-0.07351444,-0.08932202,-0.33320269,0.08076845,0.07830545,0.2825948,0.22756259,-0.03302098,-0.13100569,-0.12532295,0.01837501,0.18256637,-0.04441525,-0.1668639,-0.1804785,-0.26816261,0.25937644,0.05443515,-0.09316205,-0.16594781,0.08619992,-0.16217995,-0.01292465,0.15434417,-0.13520731,-0.20526974,-0.06737361,0.10173804,-0.02741185,-0.09301666,0.16466731,-0.03760562,0.0169856,-0.14393361,-0.03074678,0.07247213,0.00708505,0.13759178
0.14368843,0.16637255,-0.18274656,0.10215466,0.00954935,0.0294946,-0.09227001,-0.15970291,-0.14955521,0.00293936,-0.11076039,-0.04963848,0.31212321,0.01528871,0.0561996,0.09179565,0.14872457,-0.13610353,0.22688885,-0.00241901,-0.18015566,-0.00181729,0.18962738,0.02811227,0.01571033,-0.23003383,-0.10475451,-0.0115617,0.13491891,-0.05488622,0.14727443,0.06617795,0.09521566,-0.23992619,-0.02557241,0.27099228,0.02829065,-0.04212079,0.21546459,-0.25626326,-0.15018263,-0.02803318,0.13688433,-0.20000106,0.05632634,0.24586467,-0.09277212,0.00525074,0.19275655,0.08211797
-0.01380566,0.03986598,-0.02778648,0.06364498,-0.22700059,-0.11581868,-0.2818709,-0.02797468,0.02881295,0.14736882,-0.24596421,-0.03348041,0.20207995,-0.02615351,-0.22236778,-0.24575154,0.00340121,-0.01280703,0.02489719,0.14350361,0.0229855,0.09454026,0.28173286,0.24144121,0.17779019,0.01497434,0.03181315,-0.02093621,-0.08727647,-0.09719358,0.06268639,0.05882758,0.12484162,-0.02038001,-0.10840279,0.11680883,-0.20119123,0.13650537,0.27453667,-0.24275082,-0.13539964,0.0806221,0.13392091,-0.03085799,0.01155698,0.11770233,-0.24772182,0.15597524,-0.08775475,0.02285975
-0.25618178,0.01305898,0.03814057,0.15245,0.05547153,0.06261687,-0.15734978,-0.13596761,0.03671559,-0.04651034,0.09679729,0.14478314,0.07366454,0.05464477,0.07464921,0.03857868,-0.11314738,0.06871094,-0.05735885,0.17947558,0.01843292,0.13386337,-0.06012834,0.24822855,0.07609966,-0.08487429,0.0473022,-0.06718615,0.0699925,0.20000809,0.35475269,-0.09487247,0.30833432,-0.01907541,0.03073286,0.27776971,-0.12685688,0.00141646,-0.12939034,-0.1634005,-0.01864419,0.18340933,0.03862951,0.09781566,-0.08932693,0.00914224,-0.34374231,0.12524919,0.20089397,-0.11637677
-8.43053058e-05,-2.15041786e-01,4.96471953e-03,2.73868114e-01,-1.60843626e-01,-1.93748131e-01,2.19979715e-02,2.20145304e-02,-1.45267591e-01,-7.95005262e-02,-7.72098079e-03,5.54221496e-02,2.25775063e-01,-1.31942645e-01,-7.28132799e-02,3.27724516e-02,-6.01185532e-03,-9.94635448e-02,2.54606783e-01,2.18613714e-01,9.57543403e-02,-1.14795088e-03,-1.91629797e-01,-1.09435126e-01,-2.95235902e-01,-9.35205910e-03,-9.01698619e-02,-7.85158798e-02,6.66135475e-02,2.40438759e-01,2.20367268e-01,-4.65067551e-02,-2.23684721e-02,-5.29634254e-03,-8.70828778e-02,-2.02071927e-02,4.15831618e-02,-8.57465640e-02,-3.30582038e-02,7.19361380e-02,-4.20171946e-01,-1.93056360e-01,9.25477501e-03,-3.63839627e-03,1.12695895e-01,6.02548709e-03,-2.36890793e-01,4.63307947e-02,-6.91806301e-02,2.31093299e-02
-0.22269559,0.293722,0.13991696,0.29578087,0.06595188,0.00426923,-0.19077368,-0.12347468,-0.0997344,-0.07350876,0.16235468,0.10169581,0.14901997,-0.01189625,-0.16372932,0.14221853,0.12725513,0.16869591,-0.05971225,0.08840482,-0.14954323,0.17169291,-0.13197643,0.09977575,-0.13994426,0.09851401,-0.25278005,-0.0429041,0.03963454,-0.01260829,-0.0097708,-0.19998381,0.0834673,-0.08399584,0.19758704,0.11504389,0.02432821,-0.13883834,0.08094916,-0.14731118,-0.2135645,-0.08764697,0.00204867,0.27023381,0.02608953,-0.07874073,0.20486574,-0.13237627,-0.01420269,0.01473779
-0.14251588,0.19665065,-0.15830323,0.04185987,0.00615433,-0.00943959,-0.18317774,-0.04786083,0.07584855,-0.14179498,-0.0506006,0.30332837,0.16352972,0.12363711,-0.02667328,0.11683014,0.1593233,0.36537001,-0.06674732,0.06168063,0.12983404,-0.1240366,0.23144142,0.00280191,-0.09385587,-0.12127113,-0.16839361,-0.05179489,0.15655968,0.05509273,0.31436038,0.04969162,0.04622072,-0.02140275,-0.20025717,-0.04118383,-0.21592027,-0.18622153,-0.06816059,-0.05843011,-0.04864374,-0.06653006,0.00355166,-0.13112687,-0.05747947,-0.11956523,-0.19830391,0.1635171,0.07208337,-0.13586943
-0.12387204,0.24628523,-0.17754917,0.17332228,-0.1894767,-0.24103621,-0.07011598,0.00556649,0.12678596,-0.16497722,0.05901852,0.01441049,0.20348136,-0.15536714,-0.13725397,0.00602787,-0.0190997,-0.03232809,-0.14886226,-0.08742,0.12978405,0.15180568,0.00654035,0.08757742,-0.19952922,-0.17574179,0.08852588,0.13368489,0.12148788,-0.00702652,0.14305755,-0.06916842,-0.05538641,-0.16744457,0.04138532,0.11648411,-0.19909942,0.10558173,0.16417226,-0.2416935,-0.08869905,0.03851392,-0.12664147,0.33047751,0.13241673,0.00430429,0.01310947,0.26370656,-0.11077559,0.01115395
-0.18066177,0.07477416,-0.02939897,-0.09647953,0.26727548,-0.17072943,-0.11133336,-0.09652701,-0.22389872,-0.03721265,-0.00942439,-0.08668306,-0.01125308,-0.01978348,-0.24738975,-0.05311953,0.26851851,0.15615492,0.04975673,0.13601772,0.1439874,0.06496819,-0.20644331,0.17757697,-0.03526812,-0.10089219,-0.20837778,-0.10639167,0.20826203,-0.00698294,0.19161119,0.12285151,0.04607312,0.03031026,-0.16639742,-0.03627875,0.18017322,0.09216104,0.02180308,-0.26550916,-0.17636897,0.22611469,0.14334601,0.00369027,0.03553194,-0.12634985,-0.20308906,-0.05281295,0.05022854,-0.13087146
0.04714055,-0.09229232,0.14524655,0.27711985,0.07043682,0.09623834,-0.17435244,-0.01519269,0.10307647,-0.1001404,-0.28090528,0.11699477,0.11992498,-0.14826421,-0.01560327,0.26119897,0.08854643,0.03605796,0.13046792,-0.0199874,0.01912299,0.05387638,0.16755615,0.24628057,0.1040578,-0.11823523,-0.0706334,-0.12133604,0.21238548,0.11331087,0.06619871,0.06734791,0.01338063,-0.02578892,-0.12831581,-0.0476162,-0.04206811,-0.05316253,0.19868954,-0.09027802,0.04063805,-0.061407,0.25489211,0.42973903,0.2087225,0.03335188,-0.06225773,0.03819719,-0.13803247,-0.05056818
0.074947,0.03280585,0.13536292,-0.02529539,-0.11087167,0.00341763,-0.13440931,-0.20405671,-0.09906025,-0.07834079,0.01410336,-0.07486567,0.22242966,-0.07952595,-0.26318935,-0.07887681,0.05985814,0.37743971,0.10395956,-0.08691026,-0.12522498,0.04861607,-0.01840262,-0.11954738,-0.02458594,-0.16116063,0.03392026,-0.12160402,-0.22037452,-0.21290286,0.26657015,-0.21021481,0.15245531,0.1469861,0.12391614,-0.0903944,0.08745888,-0.04469706,0.21782245,-0.15700878,-0.03510429,0.06010207,0.20052192,0.20474294,0.04689331,0.05372965,-0.2126862,-0.05938921,-0.08953602,-0.03994891
-0.17487811,0.05055977,0.12700248,0.04381074,0.02743011,-0.03350431,0.13984752,0.00226529,-0.05747113,-0.15955663,-0.11503623,-0.01540027,-0.07727565,-0.12736329,-0.03274403,-0.11579273,0.08431526,-0.13265112,0.2886318,0.06702241,-0.03082094,-0.11053883,-0.09807849,0.09241182,-0.09746801,0.09478458,-0.38403332,-0.07452712,-0.04115748,0.15386258,0.06068103,-0.0765191,0.18766905,-0.32855019,-0.07337043,-0.09162537,-0.09407508,0.08069522,0.32144505,-0.05910412,-0.05006957,0.14397657,-0.11149413,0.03194373,0.04971869,0.26578531,-0.21923544,0.04013662,0.02782982,0.24255906
-0.04326595,0.12815751,0.02180533,0.17466159,-0.03733131,0.0029145,-0.02075887,-0.21084192,-0.06105734,-0.21103527,-0.14126389,-0.02787531,0.29189187,-0.16796772,-0.3373628,0.09291109,0.0416389,0.00489501,-0.15577361,0.19574358,-0.03419688,0.00967603,0.16724581,0.25225419,-0.10167965,0.1310944,0.03867862,0.27351382,0.19083261,0.04067051,0.12481769,-0.19892995,0.00329705,-0.13385028,0.17416535,0.17340448,0.10992118,0.01649766,0.2727994,0.09257279,0.02060366,0.11341844,0.0815482,-0.01874219,-0.02110668,-0.04119745,-0.13462071,-0.11391194,-0.10628346,0.08256947
4.56167273e-02,1.10402055e-01,7.06615150e-02,-2.73236394e-01,-1.50308356e-01,-2.74452776e-01,-1.19019024e-01,1.19488284e-01,1.21100500e-01,1.26595199e-01,-1.01345420e-01,1.15421183e-01,7.75622800e-02,-3.16715501e-02,-1.40638813e-01,1.05216481e-01,-1.20581586e-04,-7.45931815e-04,1.93265215e-01,2.20970005e-01,-2.03921888e-02,2.64575720e-01,-1.33874685e-01,1.02347530e-01,-4.92800549e-02,-1.70991682e-02,-3.03231090e-01,-1.52882949e-01,3.08854580e-02,3.08740847e-02,4.01305221e-02,-1.35132551e-01,1.36460587e-01,1.20756984e-01,-1.65303219e-02,-2.61742026e-02,-1.17594577e-01,1.52159696e-02,5.20604178e-02,-3.24821621e-01,2.74572577e-02,-1.70102358e-01,1.43837268e-02,-1.57232121e-01,7.32374042e-02,-1.20573103e-01,-1.00808814e-01,2.64603525e-01,-2.13920742e-01,7.64919370e-02
0.05097187,0.183082,-0.25201446,0.1649249,-0.143361,-0.12254424,0.02020107,-0.17726414,-0.00390805,-0.09421555,-0.06730751,0.16870929,0.0508992,0.05503161,-0.25084734,0.28635797,0.06239863,-0.0629381,0.12873195,-0.21238184,-0.14549771,0.10081222,-0.10863455,-0.14572842,0.06598368,0.00046987,0.00650362,-0.08411492,0.01305084,0.19329771,0.15749238,-0.02022538,0.28106454,0.06899853,-0.13828237,0.12674767,0.09249188,0.03079961,0.12436759,-0.10409437,0.14926954,-0.17214905,-0.03981194,-0.0666171,-0.0093603,-0.01457855,-0.38782427,0.02186745,0.13059556,0.15584324
-0.22417238,0.16614132,-0.13122128,0.15998305,-0.16108194,-0.17100705,-0.01438539,-0.07503778,-0.04872549,0.01391608,-0.02604177,-0.01512169,0.01800442,0.00374899,-0.16677772,-0.1772707,0.19148262,0.0790334,0.2779384,0.27983341,-0.05634781,-0.19435239,-0.05676178,-0.06265844,-0.25791517,0.10399192,0.0076446,-0.11256886,0.13304439,0.03795413,0.02263774,0.03847143,0.11628087,-0.19973984,-0.06153542,0.01350282,0.05001871,-0.13138579,0.09294945,-0.05394934,-0.31145841,0.02178437,-0.02794001,0.04316445,0.27615267,-0.18337247,-0.14655221,0.09168485,0.249916,0.08021157
0.07244884,0.09662431,-0.14190535,0.09253828,-0.17504434,-0.09893961,-0.25400543,-0.27683714,-0.07735758,-0.00251212,-0.10803672,0.07798482,-0.10329314,-0.15527421,-0.03739114,0.29240447,-0.13286667,0.12927566,0.11412824,0.07944137,-0.07999863,0.00756994,-0.11243959,0.19545855,-0.08022642,-0.15988095,-0.14614564,-0.23993987,0.0762238,-0.06246056,0.18083526,-0.23052174,0.03758659,-0.16867565,-0.22660458,0.05363294,0.03843199,0.11296101,0.2775301,0.09205524,-0.13403003,0.17373486,-0.19044529,0.07377417,0.16852075,0.02354567,-0.03343105,0.07835928,0.0057665,0.04784786
0.03399446,0.0872849,-0.02205617,0.17471328,-0.02684628,-0.11451001,-0.38390672,0.04790291,-0.0289291,-0.29662225,-0.00748008,0.14673798,0.09912978,0.05918076,-0.28982449,-0.15003121,0.05897105,-0.03465784,0.16963813,-0.05522055,-0.1050377,0.14998662,0.23247226,0.10434581,-0.10745178,0.13320625,-0.10057402,-0.03431632,0.1190655,0.08112086,-0.00548202,-0.22164772,0.02584991,0.16328235,-0.16172582,-0.02709165,-0.14263088,0.23429024,0.02332724,-0.00688357,-0.08946151,0.12013379,-0.24607259,0.15800676,-0.09756031,-0.09430531,-0.04045101,-0.17138402,0.18001971,0.03415678
0.01829426,0.16976582,-0.1457254,0.07370033,-0.00543967,0.013518,0.01529146,-0.02287358,-0.30621174,-0.11075911,0.0706393,0.07192804,-0.16200283,-0.1594238,-0.0524899,0.1722984,-0.15563717,0.17054954,0.08813473,0.17430235,-0.15076818,0.20691742,0.14858484,0.18730099,-0.06472289,0.02679579,-0.03731246,-0.02168382,-0.05915067,0.03173308,0.26598912,-0.05297914,-0.07333337,-0.0843434,-0.06705491,-0.08465504,-0.13267271,-0.03442639,0.19236176,-0.19256374,-0.00381265,-0.35122922,0.18172082,0.10062546,0.29634598,0.0095598,-0.1177678,-0.02300593,0.21030366,0.11757363
-0.05437381,0.05498867,-0.02567507,0.22410855,0.01492847,-0.25226754,-0.22046803,-0.15138015,-0.14443099,0.0953017,0.14142215,0.17591311,0.12111986,0.05056062,-0.04098553,0.03736537,0.09978749,0.11257028,0.07327139,-0.02692959,-0.09213626,0.26412943,-0.04482079,0.24074133,0.04869187,0.01319594,-0.05011148,-0.03997521,-0.10700686,0.14850219,0.14251688,0.076185,0.21961595,-0.26453969,0.02844759,-0.05453506,-0.076707,-0.23789829,0.34837094,-0.06363905,-0.16284248,-0.0716436,-0.01436606,0.05841842,-0.042737,-0.14571346,0.16226043,-0.06357384,-0.05036613,0.26874429
-0.04152434,-0.19948336,-0.09887156,0.12555441,0.05690514,-0.11632066,-0.0621486,-0.02930448,0.14757523,-0.1913081,0.15248638,0.01382139,-0.17568745,0.05054615,-0.16310398,0.08747526,0.14521524,-0.14807877,-0.17541303,0.082374,-0.01387802,0.14846325,-0.03499696,0.35887143,0.11264634,-0.10685347,-0.14494567,-0.05716493,-0.04849263,0.03718876,0.27465162,0.20106803,0.10791993,0.15322123,-0.01248015,0.02753269,-0.08770614,0.05224957,0.02123078,-0.19869739,-0.17264403,0.03296082,-0.08417918,0.05777755,0.02468073,0.21043387,-0.25859565,0.31453875,0.03373519,0.14702033
-0.04000502,-0.19681591,0.00355692,0.16824359,-0.02248685,0.03127816,0.15091769,-0.20919445,0.11414268,-0.0420443,-0.03136577,-0.20230286,0.05262999,-0.07341667,-0.15682836,0.16223747,0.17013744,-0.16801432,-0.12548225,0.03960903,0.04164861,0.00967275,-0.0073573,0.40297174,-0.02258931,0.06634148,-0.1834209,-0.19031741,-0.11485406,0.18926467,0.21124887,0.0087494,0.18933025,0.07744476,0.03122105,-0.1935668,-0.12178273,0.04778534,0.08240725,-0.06219967,-0.16288212,0.0111788,-0.06411114,0.06983497,0.24192028,-0.002245,-0.1133125,-0.09166532,-0.02099334,0.34113541
-0.04647012,-0.00690303,-0.11034884,-0.10563939,0.03590986,-0.21017066,-0.15665604,-0.0396525,-0.0126355,-0.25315726,0.12508874,-0.03299012,-0.02125852,0.00097919,-0.15300377,0.14169873,0.1599845,0.32097694,0.04412032,0.20123103,-0.05747896,-0.0994937,-0.01792026,0.18923128,-0.21000458,-0.1173647,0.01203851,-0.16077809,0.12000423,0.03706508,0.04055009,-0.02469874,0.36550906,-0.31314301,-0.0831357,-0.0358172,-0.2557646,0.15664338,-0.14981441,-0.08748681,-0.08209453,0.04033839,-0.08096512,0.1814393,-0.0935764,-0.12436708,0.10630359,-0.10081832,0.02119267,0.04220387
-0.12202732,0.16751622,-0.12271914,0.15270957,-0.04549153,-0.34440491,-0.33735642,-0.06329803,0.05152092,-0.18173748,-0.10691747,0.23107038,0.15313949,0.06329089,-0.22728701,0.17343979,0.00402601,0.01797374,0.14848134,-0.08850608,-0.06637464,-0.0052226,0.02886833,0.00102599,-0.07569983,0.10595887,-0.11243482,0.14887311,-0.0496509,-0.03761135,0.10879713,-0.25523886,-0.04325159,-0.02265149,-0.07619365,0.02991198,-0.11548881,0.08067576,0.12448927,-0.11429431,-0.07238176,-0.06007936,-0.15078107,0.18692116,0.24056315,-0.06167136,-0.01664279,-0.32597879,0.09257811,0.0393789
-0.176245,-0.02098976,-0.01945545,0.21588907,0.00182303,0.03954937,0.01813448,0.15463951,-0.04863051,-0.05598815,-0.05933904,-0.10477561,0.11938893,0.04885744,0.00282034,0.26878619,0.12661198,-0.0649788,0.09336918,0.23789629,-0.06735048,0.14063248,0.00088136,0.20208558,-0.02924247,0.09146317,-0.21079326,-0.28155088,0.06717506,0.05435634,0.0956362,-0.00947167,-0.08115506,0.04321136,0.22705711,0.12006563,0.05094795,-0.0673274,-0.03149668,-0.13067497,-0.21976791,0.13836215,0.08039518,0.34697077,-0.19071567,-0.33220175,0.06822821,-0.0872916,-0.01261678,0.18270573
-0.05680559,-0.28672922,-0.26978037,-0.01761851,-0.21619147,-0.13724332,-0.04204925,-0.50982147,0.04442886,-0.26819721,0.01400071,-0.10101347,-0.02655414,0.13392234,0.01591042,-0.00766779,0.06565087,0.11654088,0.06750798,-0.05818246,-0.05291384,0.12245677,0.09668329,0.20658155,-0.22023489,0.09858555,-0.08068284,-0.04048072,0.05176496,0.06512833,-0.05831575,-0.04245684,0.09769166,0.00093235,0.06797226,0.01854352,0.0838061,-0.04368851,0.15865584,0.11057771,-0.00606767,-0.04282869,0.18753625,0.11606729,0.11131018,-0.0538834,-0.25287047,0.21232885,0.03359584,-0.00095509
-0.04682747,0.17248133,-0.27135482,0.04488945,0.05156881,-0.21436395,0.0410843,0.10527748,-0.0948154,-0.39808294,-0.08988234,0.08119926,0.05896695,-0.05181734,-0.19661742,-0.07301977,0.17917687,0.26248893,0.141523,0.11609387,-0.12027538,-0.227571,-0.259498,0.04366302,-0.17341053,-0.10282669,-0.14640795,-0.09998865,0.14225878,-0.09885845,-0.01908848,0.03507326,0.17042887,-0.06635513,-0.14063334,-0.16153139,-0.01687629,0.1037259,-0.06016436,-0.08990303,-0.06113581,-0.00665114,-0.01907299,0.14234111,0.10482263,-0.11520828,-0.07779569,-0.03529535,0.2562106,0.03705386
-0.05989816,0.00761361,-0.20980105,0.14702985,-0.15868144,0.10187431,0.04620481,-0.0877448,0.05416467,-0.03256333,-0.00693618,0.13334572,0.06926829,-0.16426516,-0.39519486,-0.01001329,0.32005632,0.0108956,0.12992822,0.17811556,-0.07938063,0.00857033,0.12555976,0.27222207,-0.22282282,-0.00912216,0.03294527,-0.33346683,-0.12740926,-0.22362599,-0.07595117,0.09968458,0.08254964,-0.05041378,-0.06292118,-0.11543489,0.09630217,-0.2182318,-0.06674875,-0.13584703,-0.12734862,-0.01610062,-0.02828719,0.06844852,0.11253233,0.0276185,0.01876633,0.00391412,-0.03540577,0.20152646
-2.16627549e-02,8.26888904e-02,-1.15597118e-02,1.64657179e-02,2.16632877e-02,-7.92698115e-02,2.05711067e-01,-9.82808322e-02,2.10299724e-04,-1.90609554e-03,1.06254198e-01,-3.11055128e-03,1.02364317e-01,5.56903742e-02,-6.85992986e-02,-6.78915307e-02,7.89722130e-02,-6.28530458e-02,-3.15698273e-02,9.01433080e-02,-1.27026930e-01,-6.14329427e-02,8.28862637e-02,-5.04544154e-02,-3.95486653e-02,1.68672219e-01,-2.55801886e-01,-2.82714456e-01,2.45434150e-01,1.92747727e-01,3.22477013e-01,-8.19539353e-02,7.54984543e-02,7.05755055e-02,-1.34809613e-02,-2.92398147e-02,1.06098652e-01,3.11354518e-01,4.48721349e-01,-1.29707307e-01,-2.72663850e-02,7.65157491e-02,2.05965564e-01,1.04494363e-01,8.48112851e-02,-7.71641731e-02,1.17784590e-01,1.43172294e-01,1.25537604e-01,7.70932287e-02
-0.07176746,0.10411759,0.0165053,-0.03714997,0.03815359,-0.10514882,-0.14040951,-0.19430652,-0.17111923,0.10282952,0.0148492,-0.09388623,0.1255381,0.18214518,0.03863532,-0.11717334,-0.02010844,0.08477323,-0.0427973,0.11508615,-0.00988892,-0.20665488,0.1032293,0.1067192,-0.05790088,0.04044439,0.0792388,-0.45137614,0.07008412,0.03250253,0.26337954,-0.12856644,0.32350039,0.06224581,0.03015218,0.18792765,-0.30668804,0.04883603,0.02147234,-0.06151867,-0.23899318,-0.06748075,-0.11062048,0.09213063,0.10359292,0.20982666,-0.03044076,0.13872954,-0.02913498,0.03628996
-0.15804125,-0.09388341,-0.25450695,0.1352971,-0.16060413,0.03449057,-0.07594675,-0.10635574,0.26817659,-0.22356564,0.0042999,0.17451592,-0.0379642,-0.27201962,-0.26318768,0.0875852,0.04586907,0.14691058,0.15846632,-0.01006239,-0.106211,0.01722794,-0.09937304,0.01099613,-0.13436766,0.13631223,-0.10045746,-0.11238021,-0.00845146,0.01054905,0.1717416,0.12164618,0.15566549,-0.01151589,0.18126123,-0.22990163,0.14128748,-0.06143408,0.16660024,-0.29696953,-0.04222018,-0.00210909,0.05560267,-0.07242151,0.20934156,0.11475932,-0.1156499,-0.00564856,-0.04571044,0.16625665
0.00810034,0.19626947,0.09614936,0.06361856,0.0574504,0.11983947,0.01311496,-0.04318487,0.17402829,-0.21821333,-0.06417172,0.04183721,-0.08659903,-0.10683654,0.01037544,0.10154147,-0.01451824,-0.04190588,-0.03434291,0.21419016,-0.04780043,-0.14647891,0.17019908,0.25452703,-0.12151688,-0.09253348,-0.13472208,0.01385978,-0.00954888,0.03075183,0.30666959,-0.08780121,0.05268852,-0.29290429,0.23782806,0.00799951,-0.05837969,-0.04474875,0.197363,0.06140042,-0.18121073,-0.08774192,-0.06235545,-0.02729163,0.06742079,0.14610666,-0.09679537,-0.16477765,-0.0825357,0.4434143
-0.08598261,0.09045824,-0.23910639,0.1132255,-0.04213101,-0.11352389,-0.06729983,-0.17833507,0.12775244,0.07565636,-0.14898123,0.38631183,0.14316636,-0.13442932,-0.18027179,0.02189864,-0.16045216,0.08642027,0.25807497,0.04956891,-0.076823,-0.05573827,0.13592966,0.04293649,-0.16633916,0.25489858,0.04873331,-0.19237342,0.1346647,-0.06343686,0.00179672,0.07366041,0.26038882,0.08487938,0.03257408,0.01948442,0.06813864,0.11758522,0.0389034,-0.02911085,0.02471379,-0.15261781,-0.05313741,0.33646402,0.03994954,-0.03652547,0.09524754,-0.09772776,0.12550579,0.18078637
-0.03908224,0.03136525,-0.19801623,-0.03301561,-0.20231336,0.21630925,-0.32261333,0.04139423,-0.08606242,-0.01074697,0.34830585,0.16113824,-0.01048329,-0.2288595,-0.07721642,-0.00641159,0.09613222,0.14865026,0.0667266,0.04502966,-0.06333183,0.10270569,0.08781475,0.09311153,-0.30323407,-0.00083808,-0.16003047,-0.24568583,0.19586107,0.2067759,0.02777986,-0.06005638,0.01567489,-0.07566819,0.05563942,-0.02510867,-0.0058261,0.05431216,0.20056534,-0.10399528,0.00596413,0.17034177,0.15411657,-0.20895138,-0.05177977,0.05090353,-0.14797239,-0.01617846,-0.1705988,-0.03848221
-0.16749488,0.03710965,0.0267121,0.04258495,-0.38931841,0.00069328,-0.02469214,-0.11670782,-0.1101176,0.23087525,-0.24134551,0.09688369,0.24145296,-0.06116007,-0.15239416,0.26783729,0.22215793,0.1048935,-0.05876758,-0.00219149,-0.08158477,0.07947897,0.10414007,0.09136261,-0.15130374,-0.09405448,-0.06932091,-0.0037979,0.07901943,0.11556874,0.27164191,-0.11560377,-0.01730413,-0.04197572,-0.06188653,-0.16948918,0.16685365,0.15229678,-0.08318818,-0.13771001,-0.24873595,-0.03891268,-0.07223048,0.06532571,0.07675075,0.0244114,-0.01840315,-0.16364115,0.07347282,0.22243443
-0.0806696,0.04471576,0.0546587,0.04751826,-0.04462811,-0.17411378,-0.22103977,0.2082946,-0.02300927,-0.21240088,-0.1313231,-0.04493836,0.11005839,0.0044732,-0.19924696,-0.10099564,-0.00403092,0.19298716,0.07908833,0.00205874,-0.04338375,0.09598578,-0.00160382,0.04470904,0.06201556,0.17259143,-0.09663849,-0.13791926,-0.09498011,-0.00229952,-0.02002862,0.30775201,-0.05482626,-0.2066308,-0.1100419,0.04856855,0.0573031,0.10382162,0.23037465,-0.06331768,-0.12858394,0.02732697,-0.05878207,0.07305545,0.08848615,0.4047614,-0.18545865,0.38136053,0.0434419,0.03516855
-0.33483416,0.04806141,-0.10818342,0.1846875,-0.12880005,0.02954167,-0.09320047,-0.17285639,0.11445105,-0.1884865,-0.10154295,0.17763311,0.1049028,-0.07007748,-0.15225731,-0.03173998,0.15136468,0.13505207,0.06189426,0.11558734,-0.01982808,0.22525121,-0.22439961,0.22845779,0.05053826,-0.03143478,-0.02847464,-0.21038863,0.12441926,-0.0754888,0.26308304,-0.0619191,0.09175854,-0.05279013,-0.09219553,0.13565324,-0.01977319,0.13803145,0.16475002,-0.04319615,-0.03853811,-0.22010563,0.07096177,-0.23438491,0.19671309,0.10789301,0.08817397,-0.18953834,-0.05670105,-0.06753632
-0.00514716,-0.03246096,0.02885705,0.1004815,-0.0836257,-0.07750249,-0.35037333,-0.07388202,0.12484695,-0.21943405,-0.2392468,-0.03738538,-0.08295398,0.0637498,-0.09947988,0.11095452,0.02924998,0.18478107,-0.05844688,-0.01622739,-0.09967789,0.02404003,-0.13676238,0.14250448,-0.23553529,-0.02794805,-0.09893943,-0.13306676,-0.00218498,-0.02245711,0.14699288,0.01557052,0.20680834,-0.24585825,0.13486102,-0.02589935,-0.01263603,0.2014042,-0.0078767,-0.27061382,-0.12701954,-0.14417289,0.07905352,-0.27352276,0.19470218,-0.0301168,-0.1321054,-0.25360003,-0.08418451,0.12322306
-0.06674474,-0.05312834,-0.00919882,0.22925329,-0.11656807,-0.08072906,0.08250246,-0.10231688,-0.09507865,0.0060523,-0.04789411,0.23559728,0.05897014,-0.18600509,-0.17459527,0.05230753,-0.12397251,0.01622108,-0.04182078,-0.1452639,-0.20711409,0.19542414,0.14303118,-0.06778299,0.05840123,0.0527951,-0.1264223,-0.16548222,0.3179166,0.02245934,-0.07476319,-0.13403146,0.35936308,-0.34268242,0.0931688,-0.00622004,-0.06122083,-0.01616552,-0.04699192,-0.07860792,-0.26361874,0.12406497,0.12750518,-0.04582011,0.06958857,0.14439636,-0.11442451,0.07239428,-0.05971793,-0.16335906
-0.2279958,0.07341379,-0.11679334,0.03182788,-0.1166381,-0.19878501,0.01809057,-0.01148064,0.04398564,-0.29878864,-0.19310842,-0.11650928,0.25809324,-0.09759522,-0.20995072,-0.12688912,-0.03293024,0.22251682,0.09262449,0.11838886,-0.26099193,-0.10584553,0.1637878,0.08449463,0.04751422,0.07552481,-0.15292516,0.21650724,0.14029303,0.00490979,0.1511631,-0.22285111,-0.13340357,0.04313626,-0.15567662,-0.05962144,0.01032618,-0.033114,0.11210088,0.16727155,-0.1548776,-0.05343701,0.18443391,-0.00832715,-0.04776527,0.03334225,-0.06793001,0.11584999,0.15125999,0.21130382
-0.08230332,0.16684715,0.06636569,0.09842648,0.11786243,-0.01832362,-0.10755485,-0.04006507,0.11700287,0.08473887,-0.08382981,0.21525069,0.05452497,-0.04503677,-0.04353819,-0.0010034,0.17034504,0.15008226,0.36455494,-0.01153218,0.22122446,0.05243477,0.01276283,0.04999994,-0.27589568,-0.04721778,0.01791046,0.03491323,-0.00302812,-0.06857508,0.07614007,-0.10020716,0.26903373,-0.11195192,0.14781868,-0.05754051,0.07657018,0.25446588,0.12357562,0.01461994,-0.16887198,-0.07935298,0.20637628,-0.00719624,0.36897534,-0.06505942,-0.07900693,0.12408796,0.24726866,0.08131279
-0.22851515,-0.02646259,-0.17196783,0.18941869,-0.08172567,-0.07875691,-0.17718013,-0.13729899,-0.09826774,-0.11491673,-0.02190302,0.30400977,0.05254886,-0.18916433,-0.27369386,0.05523111,0.09485348,0.21173385,-0.01420325,0.0474095,-0.13926509,0.02202881,-0.18340005,-0.02237231,0.06537962,0.17685126,-0.00940629,-0.09309391,-0.09294171,-0.05169407,0.19419888,-0.20371836,-0.01333044,0.02663811,-0.11979058,0.12629299,-0.03514741,0.03428696,0.15149745,0.16602121,-0.03338179,-0.3105804,0.08448834,0.19153349,0.21627384,0.03423943,0.00379806,-0.21462086,-0.06943576,0.12944411
-0.22444019,-0.02141237,0.0716153,0.00486156,-0.14870562,0.08731501,-0.03166037,-0.19142938,-0.04249695,-0.16526918,-0.02283696,0.34196094,0.02429704,0.15316737,-0.14040531,0.11022824,-0.1594491,0.11075784,0.32225472,-0.02209921,0.0047828,0.09665645,-0.0797767,0.19021231,0.00110539,0.05691272,-0.17567545,-0.10457578,0.05794222,-0.13566078,0.21534538,0.08702226,-0.18148032,-0.02479831,0.15060543,0.09993828,-0.11803854,0.04322565,-0.00383504,-0.04559037,-0.10093379,0.22041866,-0.05133491,0.04702724,-0.12554216,-0.15112579,-0.17269568,0.29318443,-0.04050171,0.23600632
-0.0343415,0.05107174,-0.02894643,0.1307335,-0.08136912,-0.01200781,0.03580822,-0.18862881,0.09849638,0.04830119,0.11203691,0.21147342,0.2135037,-0.18395567,-0.29896,0.13589463,0.25677517,0.21118656,0.16251373,0.1262528,-0.05835006,-0.01715874,-0.02190936,0.20256516,-0.31470555,0.05322742,-0.06744501,-0.10445097,0.06041432,-0.15231785,0.06558064,-0.10407446,0.25031364,0.10768262,0.04681528,0.10074116,-0.04022161,-0.09221383,0.05661973,-0.22773261,-0.11709782,0.01861633,0.088121,-0.03436238,0.05060439,-0.05805815,-0.15629676,0.04077611,0.04585112,0.33430141
0.08748706,-0.065373,-0.00547327,0.23062979,-0.05491474,-0.11186098,0.05718714,0.03752635,0.27594188,-0.13436769,0.09139741,0.15871875,0.06813165,0.02940891,-0.04898047,0.21723601,-0.01353444,0.12578851,-0.06768396,0.0729878,-0.07276323,0.02893047,0.1191807,0.14086075,0.06092004,-0.14398807,-0.12190441,-0.18842186,-0.1378549,-0.20950463,0.13421999,0.0765936,0.06058886,0.13162681,-0.01825695,0.27799839,-0.19292358,0.12150291,0.11156505,-0.17257522,-0.3065519,0.23739536,-0.03846756,0.08595344,-0.23077585,0.1289589,-0.24142076,0.01244167,0.02875519,0.15149632
-0.04757069,0.01703242,0.03859013,-0.09389932,-0.24443053,-0.05102488,-0.10139845,-0.13515928,0.00291625,-0.11681163,0.13773088,0.04672088,0.07871112,-0.0061387,-0.26827291,0.21460402,-0.02649925,-0.04622585,0.1177275,0.09191547,0.31400201,-0.01437241,-0.05604966,0.12363793,-0.04778485,0.07549589,0.09498779,-0.1908752,0.24531238,-0.15416472,0.08386026,-0.24822558,0.05714974,-0.27073276,-0.12663907,-0.05877067,-0.01550981,-0.08969274,0.21844494,-0.27120757,-0.05508176,-0.15595144,0.15675341,0.12666956,-0.12054514,0.1620236,-0.0669818,-0.13839899,0.15345539,0.08491515
-0.08982849,0.20505829,-0.10219602,0.13088344,-0.02670066,-0.14292981,-0.06832354,-0.12795737,0.03787901,-0.06663051,0.02400684,0.01639731,-0.31970149,-0.1100704,-0.02171646,0.0435135,0.07697775,0.04221344,0.27791995,0.01383242,0.04012109,0.06426401,0.13922749,-0.04708247,0.00799022,0.22304544,0.06487345,-0.10374686,-0.01160321,0.05332294,0.37682015,-0.08221726,0.12002859,-0.14648107,-0.1039205,0.18781093,0.15281889,0.06791955,-0.12822355,-0.20903528,-0.21487042,-0.02476681,0.13191673,0.22689299,0.08311328,0.01873606,-0.10155375,-0.20119314,-0.28202403,0.06653421
-0.06690001,-0.13751438,-0.21073094,0.03717658,0.17872599,0.01137986,-0.18298891,-0.07441167,0.01492546,-0.15357986,-0.19560172,0.06668758,0.10219636,-0.2976048,-0.07657922,0.06107686,0.19432969,0.00235301,0.05964241,-0.02186725,-0.08012977,0.17773205,-0.03013429,-0.06293724,-0.03896296,0.04376353,0.0223093,-0.2266527,0.02622236,-0.13756728,0.3886379,-0.22981705,0.01256931,-0.36399037,0.03127569,-0.08797456,-0.0837218,0.05953535,0.13639818,-0.11177492,-0.05976014,-0.15061058,-0.01868634,0.07739015,-0.1573516,-0.16576153,-0.05465192,0.18401787,0.09067438,0.09074475
-0.11772015,0.23211062,-0.16497038,0.22699158,-0.07804547,-0.2011781,-0.0680043,0.0842319,0.16280003,-0.16854198,0.23417048,-0.01967672,0.21100752,-0.15777147,-0.07846824,-0.0402275,0.05981825,0.06202334,-0.14178197,0.05248442,0.11049142,-0.02931355,-0.03322539,0.04841864,-0.14638364,0.08421029,-0.17012715,-0.10133431,-0.13014279,-0.09305731,0.11932056,-0.34020212,0.122787,-0.23527706,-0.03974209,0.02007488,-0.30098858,-0.02795957,0.19686598,0.12733731,0.09796704,0.02353489,0.03147056,0.18413082,0.07401375,-0.07924756,-0.13117336,-0.13517453,0.14274693,0.07997815
-0.11448254,0.21598712,0.07832275,0.06599952,-0.10040978,0.05769623,0.03132503,-0.03111579,0.05911389,-0.1296515,0.01296011,-0.01766192,0.12349497,0.31339049,-0.17810072,0.24080412,-0.03459285,0.13903214,0.07775492,0.01605975,-0.16174352,0.0468928,0.05904013,0.0096118,-0.08430057,0.10411852,0.15925543,-0.31858096,-0.11707347,0.25659317,0.06177631,0.08561613,-0.19418931,-0.31023839,-0.12227527,0.04444725,-0.02678876,0.35336101,0.08169674,-0.04610484,-0.06888936,0.02814347,0.1726913,0.04675916,-0.02753251,-0.0435185,0.0226056,0.22984992,-0.1078809,0.07568731
0.02734592,-0.11623827,-0.03889876,0.08637536,-0.33028516,-0.0169046,0.02077837,-0.08727214,0.07919947,0.02635176,0.10030336,0.1602706,0.15043558,-0.21244599,-0.17355293,0.10913035,0.09693652,0.23037128,0.14442796,0.2288315,-0.31506041,-0.06444842,0.07788624,-0.00656691,-0.19332364,0.0461025,-0.19680819,-0.2226581,0.18686447,-0.03935555,0.19541676,0.06870492,0.09065896,-0.22046866,0.08179842,-0.06993099,0.1227805,-0.01738436,-0.02426237,-0.11935382,-0.01466626,-0.11614982,-0.14386116,0.25034499,0.16122206,-0.06190293,-0.04349149,-0.01139274,0.15979514,-0.0368986
-0.20589808,0.01801988,-0.13349989,0.18964356,0.01205983,-0.12716298,-0.15507719,-0.12276825,-0.21076415,-0.01744298,-0.06690399,-0.0875197,0.05995496,-0.02591391,-0.17346121,0.31060436,0.10195652,0.08603679,0.13721833,0.19059046,-0.13418469,0.06090091,0.01578253,-0.05442818,-0.17355676,0.14885251,-0.40078971,0.09276537,0.05451702,-0.16254319,0.10503124,-0.07215992,0.10398515,-0.06223207,0.08202991,0.11985371,-0.06610759,0.01606406,0.14510268,-0.10207233,0.14880949,-0.23428595,0.11732782,0.21179968,-0.01579795,0.21421224,0.04503103,-0.02639948,-0.19713953,0.00868429
-0.01679771,0.07403845,-0.12453562,-0.00829939,0.19343989,-0.26696095,-0.06600931,-0.20734364,0.10101692,-0.03517809,0.04812773,0.17854328,0.17208566,-0.15428275,-0.06862377,0.3221226,0.14823551,0.01893859,-0.19337738,0.03046951,0.0355045,0.02884405,0.07784095,0.13453335,-0.36142364,0.08546498,-0.12494668,-0.29544252,0.01227577,-0.18834859,0.09620395,0.06625655,0.07023654,-0.11394835,-0.10481058,0.05755738,0.14978036,0.14709798,-0.09131252,-0.1799217,-0.04277201,-0.04735998,0.15870544,0.03477978,-0.03755301,0.11284647,0.11751369,-0.07732762,0.22498946,0.07791127
-0.267416,-0.04962393,0.03393452,0.0519158,0.00798427,-0.13152841,0.05167025,-0.04207997,-0.23645453,-0.41507623,-0.05197674,0.29886928,0.1120658,-0.12126048,0.06897663,0.19020645,-0.02350441,0.07827175,0.02235876,0.02346598,-0.07475698,-0.20441118,-0.06134656,0.0319281,-0.08328357,0.03537748,0.01128667,-0.09424126,-0.09409504,0.04828325,-0.05394234,-0.19719149,0.23443833,-0.01690015,-0.27527818,-0.06339341,-0.06145256,-0.0561854,0.05770269,-0.34243962,-0.08081838,0.2043507,0.11763632,-0.08184759,0.10110441,-0.00468459,0.0781015,0.13093884,-0.12607829,0.0332845
-0.18296109,-0.07787222,-0.27375078,0.17581266,-0.08679942,-0.30516613,-0.08541235,-0.09008485,0.03552728,0.19046506,0.14611803,0.09213465,0.05890635,-0.07335186,-0.2030597,0.14599107,0.01376165,0.09806639,-0.02592558,-0.00179872,-0.05744419,0.07404027,-0.03584221,-0.0550811,-0.22847855,0.00787015,-0.08128712,-0.17093785,0.01666086,-0.17642023,0.15266743,-0.19322835,-0.23399214,-0.22087342,-0.08049224,0.15304489,-0.14702047,0.03318191,0.23352052,-0.13414966,-0.13516378,-0.2104746,0.15180972,0.18372175,0.07227781,0.11169157,-0.09098485,-0.14010297,0.03645156,0.03252944
-0.01895671,0.183147,-0.10076754,-0.02707832,0.02774765,-0.05952888,-0.20372057,-0.1418976,-0.01768851,-0.12630826,0.26526627,0.23783676,0.11717433,-0.03554501,-0.05316016,0.18539047,0.16113456,-0.02774334,0.03426912,-0.01679464,-0.30541244,-0.1394348,-0.27706248,0.05849064,-0.05940248,-0.03187081,-0.05825243,0.17950425,0.11924393,-0.11425936,0.19359036,0.11051367,-0.02977659,-0.22468942,-0.01082007,-0.07665138,-0.13758506,0.15802166,0.14536332,-0.03633729,-0.24907134,-0.12930968,0.05885647,0.2948896,0.12248428,0.00675011,-0.156342,-0.14116058,-0.05777303,0.00108763
-0.18456426,0.05645913,-0.22405057,0.16195853,-0.070637,-0.04363131,-0.17602237,-0.20268662,0.15119889,-0.0868038,-0.07116535,-0.00761998,-0.02035355,0.00713844,0.03947187,0.09011778,0.07436743,0.28572279,0.11160214,0.3046,-0.12016343,-0.00941222,-0.11271214,-0.1044132,0.06119139,0.00345657,0.10191319,0.00959061,0.28112301,0.10659131,-0.07580729,-0.12443063,0.07742786,0.09857282,0.16169998,-0.26703182,-0.01562558,0.04635292,0.05000451,-0.29534119,-0.10753746,0.11338309,-0.02006219,0.06984153,-0.11180558,0.09776641,-0.10652474,0.145114,0.09249686,0.32756391
-0.07962346,0.02044136,-0.0605836,0.21603544,-0.3566227,0.01666073,-0.03586813,-0.20328559,0.06624632,0.22501247,0.17310798,-0.06609919,0.18340911,-0.22342299,-0.11283497,0.07110751,0.25599647,0.14245771,0.01276435,0.08956801,-0.14441907,-0.03093056,0.05711529,0.01458895,-0.10976323,0.05127704,-0.14157906,-0.29752389,0.16716322,-0.19934973,0.14128572,0.07623647,0.04683905,0.06278187,0.13093854,-0.21384826,-0.09912075,-0.07673267,0.06474698,-0.22249731,-0.04489478,-0.10306057,-0.01038183,0.13147171,0.00057645,0.09818048,0.10342536,0.01012537,0.08434576,0.22388782
-0.17253323,0.25899839,0.06291828,0.28608322,-0.05652742,0.10129073,-0.09345677,-0.19339925,0.03206413,-0.29181585,0.16570605,0.16775663,0.03854769,0.1097554,-0.16628146,0.08013743,0.06944392,0.15793769,0.03790117,-0.01902944,0.04527542,0.23923813,-0.13897172,0.15673073,0.01916762,0.09544668,-0.13502312,-0.11038338,-0.04272085,-0.06772397,0.02606609,-0.16567352,-0.10526379,0.02270576,0.12113909,0.1189445,-0.20520829,0.0712214,0.06795131,-0.08473797,-0.27950314,0.05834275,-0.07589688,0.13384329,-0.10236506,-0.1389188,-0.19211733,0.21723357,0.04935894,0.19569345
-0.10775324,0.16105765,-0.07536363,-0.04367933,-0.01123146,0.14897396,-0.01054293,0.10284601,0.21245424,-0.17159148,-0.07744072,-0.0490337,0.13691159,-0.12969211,0.01908411,0.29826686,0.07322405,0.05415918,0.08873763,0.00276358,-0.24707116,0.01884903,-0.0199916,-0.12600623,-0.15736589,0.14867663,0.00317449,-0.29226306,-0.00378109,0.01835178,0.09549537,0.02590431,0.09994312,0.13139175,0.01860937,0.12100451,0.1132936,-0.31172019,0.394972,-0.03065316,-0.23504432,0.03306078,-0.11190505,0.08473485,0.12182473,0.00299806,-0.21028753,-0.17437838,-0.05447865,0.00346819
-0.06800152,0.06954895,0.07261359,0.06516172,0.08409957,-0.1513249,0.17443407,-0.06589941,0.08410251,-0.05464856,0.01520705,0.17360023,0.07340462,-0.00098801,-0.17790261,0.14991176,0.0464804,-0.1524813,-0.02442746,-0.10922157,0.06684375,0.26026061,-0.00812534,0.10563006,0.11345703,-0.08276372,-0.33155772,-0.07152354,0.13134395,-0.02508353,0.19852124,-0.15864591,0.27908584,0.01668541,-0.13362545,-0.1736584,-0.15029885,0.01355614,0.26280892,-0.41054034,-0.08053175,-0.04145432,-0.00317751,0.07911641,0.04884617,0.06411264,-0.18479912,0.1799387,0.02744898,-0.05410982
-1.71844169e-01,7.58945569e-02,7.68838823e-02,-1.11958357e-02,-1.77317858e-03,2.33503163e-01,-1.24721214e-01,-1.73566386e-01,-1.69965521e-01,-2.46408015e-01,-1.44046485e-01,9.27030668e-02,-7.69345313e-02,3.33712585e-02,-1.69105992e-01,7.51003250e-02,1.03425384e-01,8.66950750e-02,-5.18991873e-02,1.00502841e-01,-3.07428613e-02,2.28990451e-01,-5.84025867e-02,-1.03474706e-02,-1.08297266e-01,-6.25005662e-02,-1.41704276e-01,-7.14534372e-02,2.36839708e-02,7.54759880e-03,-1.48054793e-01,-1.64210528e-01,3.32249299e-04,-1.07028950e-02,1.13743156e-01,3.86150867e-01,-1.37484059e-01,5.70462123e-02,7.81265795e-02,-1.50748700e-01,-3.97962779e-01,-3.65625247e-02,-8.85301679e-02,1.78753361e-01,-1.35230618e-02,-1.53446659e-01,-2.31898855e-02,1.68096945e-01,1.97749272e-01,1.25452340e-01
0.04281735,-0.08711533,0.1955424,0.02275568,-0.14894488,-0.25435683,-0.16638371,-0.12178137,-0.05582434,-0.20045502,-0.09140669,0.18320949,0.16055612,-0.05903161,-0.19593087,0.26426181,-0.01942682,0.19434457,0.00125061,0.07673962,-0.06203364,-0.07300202,0.17229038,0.04086798,-0.02464713,-0.00994588,0.00931712,-0.082104,0.17356983,0.0666306,0.38002384,0.15771224,0.25419602,-0.04906467,-0.01314731,0.23335451,0.05481719,0.11039061,0.11796151,0.08071353,0.13942191,-0.10514791,-0.15725985,-0.0222725,-0.14354767,-0.14687531,-0.04125924,-0.02627286,-0.06401934,0.20517965
-0.03507292,0.04923808,0.11042508,0.35743132,-0.05769365,-0.09906892,-0.12109123,-0.02320765,-0.05145422,-0.01709271,-0.09796526,0.15159859,-0.01062202,-0.12132807,-0.32187605,0.18114205,-0.08305497,0.20460948,-0.14020526,0.26952997,-0.01531023,0.03916329,-0.26470566,0.06921048,-0.06388994,0.12743759,0.15394489,-0.1007559,0.01331608,0.05990542,0.09783127,0.04799074,0.02149305,-0.00741787,0.1391027,0.1774669,-0.0756613,0.0216029,0.12681709,0.06275864,-0.12618867,0.15070048,0.17101648,0.03015398,-0.1559017,-0.07937653,-0.27466476,0.15349503,0.27791452,0.02378413
0.04324303,0.19795798,0.17329192,0.32714289,-0.22626145,0.0183126,0.05516047,-0.27631557,0.01831809,-0.20030968,-0.13887851,-0.15421073,-0.01181262,0.17407271,-0.08105487,-0.04170949,0.25366354,-0.0433514,0.15299211,0.05992323,-0.20195106,-0.02150723,-0.00420242,0.05328685,-0.06275336,-0.02590253,0.04709736,-0.07145467,-0.00362284,-0.01661615,-0.02742221,-0.01595336,-0.16624343,-0.28525451,-0.18916839,-0.01521481,-0.16616696,0.05443541,0.15942825,-0.219118,-0.02941775,0.09914804,0.22354779,-0.11138349,-0.07911466,-0.14928119,-0.16378258,0.10185906,-0.1728057,-0.02063063
-0.18581621,0.16407739,0.09898793,0.18575156,-0.02261901,0.11454102,-0.11827472,-0.10165733,0.08336707,-0.27651823,-0.08752713,0.16447264,0.02641771,0.02099779,-0.13481191,0.06164373,-0.00879073,0.18992656,0.10309069,0.11889213,0.10386502,0.14199378,-0.05675504,0.08875067,-0.12501195,-0.04061696,0.01167145,-0.12492122,0.03233332,0.00243506,-0.03093354,-0.13959795,-0.0552743,0.09941097,0.0548045,0.35912928,-0.15907167,0.13797279,0.09140264,-0.201083,-0.2141549,0.24825516,0.10810944,0.15500866,-0.05762008,-0.05690403,-0.15261637,0.25980985,0.21689971,0.17869568
0.00229911,0.13236898,-0.12871504,0.00420906,0.03697885,-0.16479264,-0.10829391,0.0241883,0.17854664,-0.18340756,0.10470363,-0.05729806,0.15404886,0.04057113,-0.28792781,0.05076804,-0.03273301,0.10826614,-0.13845569,-0.06857681,-0.12409523,0.15153204,-0.00079066,0.20781049,0.06464344,-0.16560355,0.09917638,-0.03542379,0.18607414,0.02838012,0.00824403,0.07638756,0.02652583,-0.0577001,-0.01725755,0.14035846,-0.23345265,0.09276773,0.10688142,-0.32265911,-0.20024641,-0.02084519,-0.14993794,0.28597224,0.04547633,-0.28548634,-0.18870555,0.15385532,-0.11886828,-0.16657116
-1.68161690e-01,4.82354499e-02,6.25760620e-03,2.57507563e-01,-1.83229193e-01,-1.22096121e-01,-1.76298514e-01,-1.12884492e-01,4.28129211e-02,-2.15544598e-03,1.87400412e-02,3.77975851e-02,5.77732958e-02,-1.33623794e-01,-1.76252529e-01,1.55469000e-01,2.79511273e-01,1.94025382e-01,7.00057149e-02,-1.01824217e-01,-3.49526584e-01,-9.18027237e-02,4.09203954e-02,2.85809934e-02,-1.26288757e-01,-1.44576535e-01,-1.68225482e-01,-3.73524294e-04,1.42153516e-01,-3.45972404e-02,1.65354818e-01,-5.23715504e-02,1.82384759e-01,-1.08952433e-01,3.71595100e-02,-1.77906808e-02,-2.88891513e-02,-1.83403224e-01,4.05313373e-02,-1.00488856e-01,6.01729490e-02,-4.71975021e-02,-7.30357133e-03,-1.21973775e-01,1.56894490e-01,-4.11964685e-01,-1.30561297e-03,-7.74649307e-02,1.45297840e-01,1.21064961e-01
-0.26407227,0.03070317,-0.19931993,0.2172322,-0.04608853,-0.17598985,-0.01668428,-0.11690595,0.0401878,-0.03725408,-0.1421911,0.24777077,0.08034039,-0.17106707,-0.24509192,-0.04669406,0.15460002,0.27211601,0.10142075,0.04818772,-0.00954562,0.09836838,-0.23520522,0.14245078,-0.03072507,0.0923027,0.01869291,-0.10700713,0.07302278,-0.09094276,0.13147764,-0.09855505,-0.02810072,-0.02014745,-0.03656505,0.18629278,0.0104607,0.09633461,0.19811553,0.08880602,-0.04105707,-0.32579428,0.09755857,0.13412184,0.18768422,-0.00512091,0.11131926,-0.24109441,-0.06561673,0.12571961
-0.09881362,-0.02298859,0.01709591,-0.02790162,-0.01453532,-0.02722278,-0.20152543,-0.1124667,0.11338928,-0.14291739,0.11282331,0.00761891,-0.05042579,-0.13723139,0.08054586,0.11325561,0.1813179,0.16011599,0.17547911,-0.05080452,-0.15413658,-0.00365227,0.1973756,-0.07986984,-0.16569725,0.1963132,-0.13162534,-0.31056926,0.36064366,-0.01159455,0.24107279,-0.1598483,0.12389392,-0.18576086,0.01194484,-0.0558959,-0.23522754,-0.06836478,-0.06552833,-0.05609192,-0.16844974,-0.12652928,-0.19876227,-0.01654035,0.01607753,-0.17672057,-0.18548223,0.08417437,-0.01301568,-0.12307681
0.06171591,-0.04698831,-0.15399991,-0.01375983,-0.17021973,-0.14342716,-0.14960591,-0.16720714,0.2128029,-0.16964397,-0.06992018,0.13294558,0.14121348,0.0407525,-0.0628899,0.03460585,0.02839125,0.3203792,0.06919716,0.26654929,-0.04435603,-0.00305431,0.09328099,0.24777868,-0.15410745,-0.14581935,-0.13936463,-0.10418715,-0.1059728,-0.00995244,0.25324595,-0.12212846,0.29366395,-0.03156418,-0.01082918,-0.04449416,-0.31815186,0.12007674,-0.08317611,-0.01836631,0.10623092,-0.19485573,0.09489264,-0.09303683,-0.06720405,-0.07988577,-0.07168645,-0.10741036,-0.13911153,0.0609648
-0.14754905,0.07189703,-0.07491754,-0.01974648,-0.29744571,-0.2035805,0.00055719,0.07667544,0.02985748,-0.19734697,-0.12368927,0.1294852,0.08473194,-0.17027405,0.21456653,-0.00311149,0.1126342,0.21189313,0.00174624,-0.1268037,0.14094964,0.15446129,-0.01278829,0.09723921,0.05691581,0.00807064,-0.18126634,-0.12783895,-0.03034279,-0.02804343,-0.00916949,0.06404734,-0.03789371,-0.01234115,0.00150981,0.32197025,-0.18882389,0.15928917,0.19402497,-0.06176797,-0.22154565,0.05285505,0.16535346,0.20413136,-0.15577295,-0.10730313,-0.2509774,-0.00197972,0.11525866,0.22591352
-0.04112434,-0.11857141,0.01414244,0.11153691,0.07814071,-0.04309581,-0.14988609,-0.1344514,0.05908996,0.06024557,0.0636073,0.18371826,0.06718916,-0.02641638,-0.20906377,-0.04739499,0.08468924,0.09978543,-0.07358665,-0.12745222,-0.0434017,0.04350442,-0.01036219,-0.09878118,0.02186306,-0.10720033,-0.11506881,-0.22136225,0.09989575,0.09207087,0.13575017,-0.14501292,-0.16774182,-0.16178547,-0.16828769,0.04379906,-0.21579158,-0.01003368,0.13838781,-0.20076388,0.0429386,-0.04971077,0.15551652,0.11609609,0.34624866,0.18197544,-0.22500739,-0.09533495,-0.00596728,0.4439064
0.0737683,0.20954718,-0.02778555,0.18413854,0.0388655,-0.01248581,-0.10119877,-0.07986835,-0.04028487,0.04717958,-0.20605713,0.0318574,0.12169046,-0.15867972,-0.1329142,0.14778633,0.1272556,0.07473739,0.19640875,0.30792603,-0.21090375,0.1379154,-0.04184986,0.24328257,-0.1443667,-0.01007933,-0.1017826,-0.07362489,0.21257395,0.0502835,0.15945475,0.05734227,0.21266723,-0.24961381,-0.20847335,0.03385799,-0.06509148,-0.10067164,0.21322142,-0.09741729,-0.06806022,-0.07031205,0.11602452,0.0721304,0.07408461,0.0941947,-0.22260246,-0.0990975,-0.03120292,0.23169598
